X,Y,objectid,globalid,tx_nome,tx_status,tx_reg_adm,tx_bairro,tx_mesapingpong,tx_parcao,tx_camposociety,tx_qdpoliesport,tx_qdvolei,tx_pistaskate,tx_churrasqueira,tx_playg_madplastica,tx_banc_madei,tx_banc_concr,tx_playg_madeira,tx_balanco,tx_balan_aces,tx_escorregad,tx_gangorra,tx_gira_gira,tx_trepa_trepa,tx_busto,tx_coreto,tx_lixeira,tx_mesa_concreto,tx_pergula,tx_apar_ginas_mad,tx_aca_terc_idade,tx_apa_gina_inox,tx_equipamentos,tx_paraciclos
-43.084142836,-22.954056803,1,{AED29D9C-04AD-4EB4-8C7B-450FBB6062A6},Praça Professor Rivalli (Alan Kardec),Aberta,OCEÂNICA,Piratininga,Não,Não,Não,Não,Não,Não,Não,,Sim,Não,Não,Não,Não,Não,Não,Não,Não,Não,Não,Sim,Não,0,Não,Não,Não,"Banco_de_madeira,Lixeira",
-43.0264044199999,-22.878356389,4,{6E1BFCBF-6746-4AFE-817E-FAC20A832BEA},Praça Tancredo Neves,Aberta,PENDOTIBA,Maria Paula,Não,Não,Sim,Não,Não,Não,Não,,Não,Sim,Não,Sim,Não,Sim,Sim,Não,Sim,Não,Não,Sim,Sim,Não,Não,Sim,Não,"Campo_society,Banco_de_madeira,Banco_de_concreto,Balanço,Escorregador,Gangorra,Trepa-trepa,Lixeira,Mesa_de_concreto,Academia_da_terceira_idade",
-43.032072548,-22.946653494,6,{56331E26-DE1D-4DC6-A307-2F67C9494871},Rotula Av. Central,Aberta,OCEÂNICA,Itaipu,Não,Não,Não,Não,Não,Não,Não,,Não,Sim,Não,Não,Não,Não,Não,Não,Não,Não,Não,Sim,Não,Não,Não,Não,Não,"Banco_de_concreto,Lixeira",
-43.027869408,-22.9534503749999,7,{5EB37930-7029-4BE0-9262-CDFA3353EB80},Trevo do Engenho do Mato,Aberta,OCEÂNICA,Itaipu,Não,Não,Não,Não,Não,Não,Não,,Não,Sim,Não,Não,Não,Não,Não,Não,Não,Não,Não,Sim,Não,Não,Não,Não,Não,"Banco_de_concreto,Lixeira",
-43.031742277,-22.9637290159999,8,{0C4CC3C9-064D-4E3C-A58B-BEF7B7EBFD3E},Trevo Itacoatiara,Aberta,OCEÂNICA,Itacoatiara,Não,Não,Não,Não,Não,Não,Não,,Não,Não,Não,Não,Não,Não,Não,Não,Não,Não,Não,Não,Não,Não,Não,Não,Não,,
-43.044876776,-22.9705039469999,9,{61072D35-5102-40DF-A59E-450144D4058C},Rotula do Canhão,Aberta,OCEÂNICA,Itaipu,Não,Não,Não,Não,Não,Não,Não,,Não,Não,Não,Não,Não,Não,Não,Não,Não,Não,Não,Não,Não,Não,Não,Não,Não,,
-43.043569981,-22.969883285,10,{FB858FC7-46B6-4017-A9B0-86750E228F6E},Praça das amendoeiras,Aberta,OCEÂNICA,Itaipu,Não,Não,Não,Não,Não,Não,Não,,Não,Não,Não,Não,Não,Não,Não,Não,Não,Sim,Não,Não,Não,Não,Não,Não,Não,,
-43.025946994,-22.955013552,11,{BDE38DA2-60E5-46BD-82C0-2B7998676B79},Praça Augusto Ruschi,Aberta,OCEÂNICA,Itaipu,Não,Não,Não,Sim,Não,Não,Não,,Sim,Sim,Não,Sim,Não,Não,Sim,Não,Sim,Não,Não,0,Sim,Não,Sim,Sim,Não,"Quadra_poliesportiva,Banco_de_madeira,Banco_de_concreto,Balanço,Trepa-trepa,Lixeira,Mesa_de_concreto,Aparelho_de_ginástica_madeira,Academia_da_terceira_idade",
-43.037280462,-22.9666355959999,12,{1334E8B3-E55D-490A-AA90-7B20949A031D},Divisor da 81 DP,Aberta,OCEÂNICA,Itaipu,Não,Não,Não,Não,Não,Não,Não,,Não,Sim,Não,Não,Não,Não,Não,Não,Não,Não,Não,Não,Não,Não,Não,Não,Não,Banco_de_concreto,
-43.0295663649999,-22.975290844,13,{1CC21D4C-226B-4B76-8997-09EBDABFB355},Praça do costão,Aberta,OCEÂNICA,Itacoatiara,Não,Não,Não,Não,Não,Não,Não,,Não,Não,Não,Não,Não,Não,Não,Não,Não,Não,Não,Sim,Não,Não,Não,Não,Sim,Aparelho_de_ginástica_inox,
-43.030475867,-22.9742129379999,14,{5C91D2AE-5521-41DF-BEB1-E8A6DD1FED0B},Praça Gilson Vieira Ferro (Tucuns),Atualizada,OCEÂNICA,Itacoatiara,Não,Não,Não,Não,Não,Não,Não,Grande,Sim,Sim,Não,Sim,Não,Sim,Sim,Não,Não,Não,Não,Sim,Não,Não,Não,Não,Não,"Playground_de_madeira_plástica,Banco_de_madeira,Banco_de_concreto,Balanço,Escorregador,Gangorra,Lixeira",
-43.0322630329999,-22.9740364849999,15,{5C3F6B98-606A-4E48-8B10-AD6AFEC4EC8C},Praça Maria Mentenges Sandri,Aberta,OCEÂNICA,Itacoatiara,Não,Não,Não,Não,Não,Não,Não,,Sim,Não,Não,Não,Não,Não,Não,Não,Não,Não,Não,Sim,Não,Não,Não,Não,Não,Banco_de_madeira,
-43.031996469,-22.9693873649999,16,{4D2FB6A2-3458-45FB-A25F-436D9BD498B5},Praça Dr. Renato Pereira Machado,Aberta,OCEÂNICA,Itacoatiara,Não,Não,Não,Não,Não,Não,Não,,Não,Não,Não,Não,Não,Não,Não,Não,Não,Não,Não,Não,Não,Não,Não,Não,Não,,
-43.0349150009999,-22.9713785239999,18,{32DD9BA1-5AB1-48E3-B7E0-EF00846D01AC},Praça Paulo de Tarso Montenegro,Aberta,OCEÂNICA,Itacoatiara,Não,Não,Não,Não,Não,Não,Não,,Não,Sim,Não,Não,Não,Não,Não,Não,Não,Sim,Não,Sim,Não,Não,Não,Não,Não,Banco_de_concreto,
-43.1135279059999,-22.933937897,20,{88CD1198-082A-4B33-B93E-74CB810EDF82},Praça Nossa Senhora da Conceição (Jurujuba),Atualizada,PRAIAS DA BAÍA,Jurujuba,Não,Não,Não,Não,Não,Não,Não,Médio,Sim,Não,Não,Sim,Não,Não,Sim,Não,Não,Não,Não,Sim,Não,Não,Não,Não,Não,"Playground_de_madeira_plástica,Banco_de_madeira,Balanço,Gangorra,Lixeira",
-43.096472459,-22.9014157029999,22,{4B295175-0D5D-4E01-8260-A9C930649AE5},Praça Monumento Nª Sª Auxiliadora,Aberta,PRAIAS DA BAÍA,Santa Rosa,Não,Não,Não,Não,Não,Não,Não,,Não,Sim,Não,Não,Não,Não,Não,Não,Não,Sim,Não,Sim,Não,Não,Não,Não,Não,Busto,
-43.0852301899999,-22.892674987,23,{21BC9ECF-93D8-4D32-8451-FE430AB949B2},Praça do Bumba,Atualizada,NORTE,Viçoso Jardim,Não,Não,Não,Sim,Não,Não,Não,,Não,Sim,Sim,Sim,Não,Não,Sim,Não,Não,Não,Não,Sim,Sim,Não,Não,Sim,Não,"Quadra_poliesportiva,Banco_de_concreto,Playground_de_madeira,Balanço,Gangorra,Lixeira,Mesa_de_concreto,Academia_da_terceira_idade",
-43.1035659949999,-22.909641576,24,{E59A6202-5139-43D3-A22F-FE3AED64D3F3},Praça D Carlos Alberto Navaro,Aberta,PRAIAS DA BAÍA,Icaraí,Não,Não,Não,Não,Não,Não,Não,,Não,Sim,Não,Sim,Não,Sim,Não,Não,Não,Não,Não,Sim,Sim,Não,Não,Não,Não,"Banco_de_concreto,Balanço,Escorregador,Lixeira,Mesa_de_concreto",
-43.122504286,-22.9044345309999,25,{61FE23D7-5E6D-45A9-AEB6-D87C2F3366D4},Praça César Tinoco,Atualizada,PRAIAS DA BAÍA,Ingá,Não,Não,Não,Não,Não,Não,Não,Grande,Sim,Não,Sim,Sim,Não,Sim,Sim,Não,Não,Sim,Não,0,Sim,Não,Não,Sim,Não,"Playground_de_madeira_plástica,Banco_de_madeira,Playground_de_madeira,Balanço,Escorregador,Gangorra,Busto,Lixeira,Mesa_de_concreto,Academia_da_terceira_idade",
-43.083603302,-22.9057857789999,26,{21FE5072-2A0E-42F8-95D0-70996BB6DE52},Praça do Viradouro,Aberta,PRAIAS DA BAÍA,Viradouro,Não,Não,Não,Não,Não,Não,Não,,Não,Sim,Não,Não,Não,Não,Não,Não,Não,Não,Não,Sim,Sim,Não,Não,Não,Não,"Banco_de_concreto,Lixeira,Mesa_de_concreto",
-43.115774484,-22.9040297619999,27,{1011027F-48ED-4EDB-BD75-C97CE0F93674},Praça Getúlio Vargas,Atualizada,PRAIAS DA BAÍA,Icaraí,Não,Não,Não,Não,Não,Não,,Grande,Sim,Não,Sim,Sim,Não,Não,Sim,Não,Não,Sim,Não,0,Sim,Sim,Não,Sim,Não,"Playground_de_madeira_plástica,Banco_de_madeira,Playground_de_madeira,Balanço,Gangorra,Busto,Lixeira,Mesa_de_concreto,Pérgula,Academia_da_terceira_idade",
-43.109218997,-22.911686392,28,{7566C10D-BCBC-4FB4-AEB6-13424AAB5156},Praça Dr. Octávio de Carvalho Valle  (Luzitânia),Aberta,PRAIAS DA BAÍA,Icaraí,Não,Não,Não,Não,Não,Não,Não,,Sim,Não,Não,Não,Não,Não,Não,Não,Não,Não,Não,Não,Não,Não,Não,Não,Não,"Banco_de_madeira,Busto,Lixeira",
-43.1074569309999,-22.904255969,29,{F3D8C6DF-7197-41C8-8EF8-30AD0C496E93},Praça Prefeito Ferraz (Campo de São Bento),Aberta,PRAIAS DA BAÍA,Icaraí,Sim,Sim,,,,,,,Sim,Sim,Sim,Sim,Não,Sim,Sim,Não,Sim,Sim,Sim,Sim,Sim,Não,Sim,Sim,Não,"Mesa_de_ping_pong,Parcão,Banco_de_madeira,Banco_de_concreto,Playground_de_madeira,Balanço,Escorregador,Gangorra,Trepa-trepa,Busto,Coreto,Lixeira,Mesa_de_concreto,Aparelho_de_ginástica_madeira,Academia_da_terceira_idade,Paraciclos",Sim
-43.104666,-22.898986,30,{DE5BF872-3B49-450D-855E-4ED5892226FE},Praça Dep. Raul de Oliveira Rodrigues,Atualizada,PRAIAS DA BAÍA,Santa Rosa,Não,Não,Não,Não,Não,Não,Não,Grande,Sim,Sim,Sim,Sim,Não,Não,Sim,Não,Não,Sim,Não,Sim,Sim,Não,Não,Sim,Não,"Playground_de_madeira_plástica,Banco_de_madeira,Banco_de_concreto,Playground_de_madeira,Balanço,Gangorra,Busto,Lixeira,Mesa_de_concreto,Academia_da_terceira_idade,Paraciclos",Sim
-43.093076859,-22.9049451839999,31,{F63011A1-A60A-4542-8298-493CC2CD8354},Praça Clube dos Pioneiros,Aberta,PRAIAS DA BAÍA,Santa Rosa,Não,Não,Não,Não,Não,Não,Não,,Não,Sim,Não,Sim,Não,Sim,Sim,Não,Sim,Não,Não,Sim,Sim,Sim,Não,Não,Não,"Banco_de_concreto,Balanço,Escorregador,Gangorra,Trepa-trepa,Lixeira,Mesa_de_concreto,Pérgula",Não
-43.0906774489999,-22.9008664249999,32,{05DE458C-D324-427C-B48B-44725D05ABD1},Praça Zulú,Atualizada,PRAIAS DA BAÍA,Santa Rosa,Não,Não,Não,Não,Não,Não,Não,Pequeno,Não,Sim,Não,Não,Não,Não,Sim,Não,Não,Não,Não,Sim,Sim,Não,Não,Não,Não,"Playground_de_madeira_plástica,Gangorra,Lixeira,Mesa_de_concreto,Aparelho_de_ginástica_madeira",Não
-43.091904035,-22.922093854,33,{F965C3C8-A6F5-47A8-921F-E29C635C43D2},Praça Dom Orione,Atualizada,PRAIAS DA BAÍA,São Francisco,Não,Não,Não,Não,Não,Não,Não,Grande,Sim,Não,Sim,Sim,Sim,Não,Sim,Não,Não,Sim,Não,Sim,Sim,Não,Não,Não,Não,"Playground_de_madeira_plástica,Banco_de_madeira,Playground_de_madeira,Balanço,Balanço_acessível,Gangorra,Busto,Lixeira,Mesa_de_concreto",Não
-43.0877989489999,-22.929801234,34,{1981FC10-B165-4C89-996B-D2DC1BA6712B},Parque da Cidade,Aberta,PRAIAS DA BAÍA,Charitas,Não,Não,Não,Não,Não,Não,Não,,Sim,Sim,Sim,Sim,Não,Não,Sim,Não,Não,Não,Não,Sim,Sim,Não,Não,Sim,Não,"Banco_de_madeira,Banco_de_concreto,Playground_de_madeira,Balanço,Gangorra,Coreto,Lixeira,Mesa_de_concreto,Academia_da_terceira_idade",Não
-43.0821750379999,-22.913786419,35,{4BA9B0C7-3D28-46DF-9165-AC32EFA70B0C},Praça Armando Farjado,Aberta,PRAIAS DA BAÍA,São Francisco,Não,Não,Não,Não,Não,Não,Não,,Não,Sim,Não,Não,Não,Não,Não,Não,Não,Não,Não,Sim,Não,Não,Não,Não,Não,Banco_de_concreto,Não
-43.094036912,-22.9208462409999,36,{D3FB8EFC-892A-45EA-8FE3-B7EE6BB9A546},Praça José de Anchieta (Soldado),Atualizada,PRAIAS DA BAÍA,São Francisco,Não,Não,Não,Não,Não,Não,Não,Médio,Sim,Sim,Não,Sim,Não,Sim,Sim,Não,Não,Sim,Não,0,Sim,Não,Não,Não,Não,"Playground_de_madeira_plástica,Banco_de_madeira,Banco_de_concreto,Balanço,Escorregador,Gangorra,Busto,Lixeira,Mesa_de_concreto",Não
-43.0967572399999,-22.915226068,37,{CFA468C6-DC1E-462E-82CA-EAABE5042F7D},Praça José Marti ou Praça da Marina I,Atualizada,PRAIAS DA BAÍA,São Francisco,Não,Não,Não,Não,Não,Sim,Não,Grande,Não,Sim,Sim,Sim,Não,Sim,Não,Não,Não,Não,Não,0,Sim,Não,Não,Não,Não,"Pista_de_skate,Playground_de_madeira_plástica,Banco_de_concreto,Playground_de_madeira,Balanço,Escorregador,Lixeira,Mesa_de_concreto",Não
-43.0966686049999,-22.914592902,38,{14E441AD-6EEE-4446-8EE4-1828729E82E2},Praça Marechal Mascarenhas de Moraes,Aberta,PRAIAS DA BAÍA,São Francisco,Não,Não,Não,Não,Não,Sim,Não,,Não,Não,Não,Não,Não,Não,Não,Não,Não,Não,Não,Sim,Não,Não,Não,Não,Não,Pista_de_skate,Não
-43.095434413,-22.921991767,39,{81ADE454-CF97-4335-95FF-FC8FCBAB39FC},Praça do Rádio Amador (Marina II),Aberta,PRAIAS DA BAÍA,São Francisco,Não,Não,Não,Não,Não,Não,Não,,Sim,Não,Não,Sim,Não,Não,Sim,Não,Não,Não,Não,Sim,Não,Não,Não,Não,Sim,"Banco_de_madeira,Balanço,Gangorra,Lixeira,Aparelho_de_ginástica_inox",
-43.1047985869999,-22.9132949679999,40,{C07FA080-B546-4194-97B7-374F644CD544},Praça do Zé areia,Atualizada,PRAIAS DA BAÍA,São Francisco,Não,Não,Não,Não,Não,Não,Não,Pequeno,Não,Sim,Não,Sim,Não,Não,Sim,Não,Não,Não,Não,Sim,Sim,Não,Não,Não,Não,"Playground_de_madeira_plástica,Banco_de_concreto,Balanço,Gangorra,Lixeira,Mesa_de_concreto",Não
-43.1156282859999,-22.874391099,41,{21FAFD72-FBEF-438D-A254-0AA63DE4E916},Praça Largo do Sol,Atualizada,NORTE,Ilha da Conceição,Não,Não,Não,Não,Não,Não,Não,Pequeno,Não,Sim,Não,Sim,Não,Não,Não,Sim,Não,Não,Não,Sim,Sim,Não,Não,Não,Não,"Playground_de_madeira_plástica,Banco_de_concreto,Balanço,Gira-gira,Lixeira,Mesa_de_concreto",Não
-43.117167331,-22.873027715,42,{4057BEB4-C3FD-45D9-A805-43195C3BF74D},Praça Chacrinha,Aberta,NORTE,Ilha da Conceição,Não,Não,Não,Não,Não,Não,Não,,Sim,Não,Não,Sim,Não,Não,Sim,Não,Não,Não,Não,Sim,Não,Não,Não,Não,Não,"Banco_de_madeira,Balanço,Gangorra,Lixeira",Não
-43.113801924,-22.871154711,44,{B5C25EE7-4744-407C-B8EF-D5C38760D169},Praça Azul e Branco,Aberta,NORTE,Ilha da Conceição,Não,Não,Não,Não,Não,Não,Não,,Não,Sim,Não,Não,Não,Não,Não,Não,Não,Não,Não,Sim,Sim,Não,Não,Não,Não,"Banco_de_concreto,Lixeira,Mesa_de_concreto",Não
-43.124534357,-22.877644861,45,{FD32F12B-B6B2-4224-A842-01464270370D},Praça Portugal Pequeno,Aberta,PRAIAS DA BAÍA,Ponta d'Areia,Não,Não,Não,Não,Não,Não,Não,,Não,Não,Não,Não,Não,Não,Não,Não,Não,Não,Não,Sim,Não,Não,Não,Não,Não,Lixeira,Não
-43.1268090259999,-22.884113269,46,{E5222B67-A0CE-4716-A493-196AD6D66666},Praça Atalair Peixoto Neves,Aberta,PRAIAS DA BAÍA,Ponta d'Areia,Não,Não,Não,Não,Não,Não,Não,,Não,Sim,Não,Sim,Não,Sim,Sim,Não,Não,Não,Não,0,Sim,Não,,,,"Banco_de_concreto,Balanço,Escorregador,Gangorra,Lixeira,Mesa_de_concreto",
-43.102444283,-22.8595784349999,47,{4B690DFE-701C-4BE1-B639-B62B41DB3C88},Praça Enéas de Castro,Aberta,NORTE,Barreto,Não,Não,Não,Sim,Sim,,,,Sim,Sim,Sim,Sim,Não,Sim,Sim,Não,Não,Não,Sim,Sim,Sim,Não,Não,Sim,Não,"Quadra_poliesportiva,Quadra_de_volei,Banco_de_concreto,Playground_de_madeira,Balanço,Escorregador,Gangorra,Coreto,Lixeira,Mesa_de_concreto,Academia_da_terceira_idade",Não
-43.0953108059999,-22.87012161,48,{093B679D-F427-4D24-A15A-F9C71E2DC3E7},Praça José Vicente Sobrinho,Aberta,NORTE,Engenhoca,Não,Não,Não,Não,Não,Não,Não,,Não,Sim,Não,Sim,Não,Sim,Sim,Não,Não,Não,Não,Sim,Sim,Sim,Não,Não,Não,"Banco_de_concreto,Balanço,Escorregador,Gangorra,Coreto,Lixeira,Mesa_de_concreto,Pérgula",
-43.0981089809999,-22.8644209839999,49,{2F213E70-1BC9-4D40-A230-1CD28B0E7277},Parque Palmir Silva (Horto do Barreto),Atualizada,NORTE,Barreto,Não,Não,Não,Sim,,Não,Não,Grande,Sim,Sim,Sim,Sim,Não,Sim,Não,Não,Não,Não,Não,Sim,Sim,Não,Não,Sim,Não,"Quadra_poliesportiva,Playground_de_madeira_plástica,Banco_de_madeira,Banco_de_concreto,Playground_de_madeira,Escorregador,Lixeira,Mesa_de_concreto,Academia_da_terceira_idade",Sim
-43.104654947,-22.871605825,50,{F03D4721-688B-4F96-85E2-E49F634B388D},Praça Nereu Guerra,Atualizada,NORTE,Barreto,Não,Não,Não,Não,Não,Não,Não,Pequeno,Sim,Sim,Sim,Não,Não,Não,Não,Não,Não,Não,Não,Sim,Sim,Não,Não,Sim,Não,"Playground_de_madeira_plástica,Banco_de_madeira,Banco_de_concreto,Playground_de_madeira,Lixeira,Mesa_de_concreto,Academia_da_terceira_idade",Não
-43.096117777,-22.862564053,51,{2029094C-7E14-48AF-80E3-AF5468B55449},Praça Flávio Palmier da Veiga,Atualizada,NORTE,Barreto,Não,Não,Não,Não,Não,Não,Não,Médio,Sim,Sim,Sim,Sim,Não,Sim,Não,Não,Não,Não,Não,Sim,Sim,Sim,Sim,Não,Não,"Playground_de_madeira_plástica,Banco_de_madeira,Banco_de_concreto,Playground_de_madeira,Balanço,Escorregador,Lixeira,Mesa_de_concreto,Pérgula,Aparelho_de_ginástica_madeira,Paraciclos",Sim
-43.0482681939999,-22.944016786,52,{8F362DF8-DA96-43CF-A3D5-9D046B13A198},Praça Espanha (Clube do espanhol),Aberta,OCEÂNICA,Santo Antônio,Não,Não,Não,Não,Não,Não,Não,,Não,Sim,Não,Não,Não,Não,Não,Não,Não,Sim,Não,Sim,Não,Não,Não,Não,Não,"Banco_de_concreto,Busto,Lixeira",Não
-43.055289025,-22.945298791,53,{709745BD-6905-4FB4-9F4E-9DC15C2CBB52},Praça do Descobrimento,Atualizada,OCEÂNICA,Piratininga,Não,Não,Não,Sim,Não,Não,Não,Grande,Não,Sim,Não,Não,Não,Sim,Não,Não,Não,Sim,Não,Sim,Sim,0,Não,Sim,Não,"Quadra_poliesportiva,Playground_de_madeira_plástica,Banco_de_concreto,Escorregador,Busto,Lixeira,Mesa_de_concreto,Academia_da_terceira_idade",Não
-43.072876348,-22.955744334,54,{023D107C-77ED-4D3B-9CB6-CC0838EBB4EF},Praça Luiz Gomes da Silva - Toboágua,Atualizada,OCEÂNICA,Piratininga,Não,Não,Não,Não,Não,Não,Não,Grande,Sim,Não,Sim,Não,Não,Não,Não,Não,Não,Não,Não,Não,Não,Não,Não,Não,Não,"Playground_de_madeira_plástica,Banco_de_madeira,Playground_de_madeira,Lixeira",Não
-43.081743617,-22.954786315,55,{991A526F-6443-45EA-9A35-5111EBB6697A},Praça entre as ruas 134 e 132,Atualizada,OCEÂNICA,Piratininga,Não,Não,Não,Não,Não,Não,Não,Pequeno,Sim,Não,Não,Não,Não,Não,Não,Não,Não,Não,Não,Não,Não,Não,Sim,Não,Não,"Playground_de_madeira_plástica,Banco_de_madeira,Lixeira,Aparelho_de_ginástica_madeira,Paraciclos",Sim
-43.085807642,-22.954239447,56,{0CEA5C5F-81D0-4260-804F-DA6799EB7698},Praça 02,Atualizada,OCEÂNICA,Piratininga,Não,Não,Não,Não,Não,Não,Não,Pequeno,Sim,Não,Não,Sim,Não,Não,Sim,Não,Não,Não,Não,Sim,Não,Não,Sim,Não,Sim,"Playground_de_madeira_plástica,Banco_de_madeira,Balanço,Lixeira,Mesa_de_concreto,Aparelho_de_ginástica_madeira,Aparelho_de_ginástica_inox,Paraciclos",Sim
-43.08943027,-22.9538767839999,57,{649548DE-2C24-410C-8059-45CED44B5867},Praça 03,Atualizada,OCEÂNICA,Piratininga,Não,Não,Não,Não,Não,Não,Não,Pequeno,Sim,Não,Não,Sim,Não,Não,Não,Não,Não,Não,Não,Sim,Sim,Não,Sim,Não,Não,"Playground_de_madeira_plástica,Banco_de_madeira,Balanço,Lixeira,Mesa_de_concreto,Aparelho_de_ginástica_madeira,Paraciclos",Sim
-43.093620105,-22.9533944369999,58,{4C4994BD-6C7B-4258-BCC2-C61267705843},Praça 04,Atualizada,OCEÂNICA,Piratininga,Não,Não,Não,Não,Não,Não,Não,Pequeno,Não,Não,Não,Sim,Não,Não,Não,Não,Não,Não,Não,Sim,Sim,Não,Sim,Não,Não,"Playground_de_madeira_plástica,Banco_de_madeira,Balanço,Lixeira,Mesa_de_concreto,Aparelho_de_ginástica_madeira,Paraciclos",Sim
-43.0775920799999,-22.9553139569999,59,{099C00EE-BCDA-4B1A-B045-A438793B88E9},Praça 05,Atualizada,OCEÂNICA,Piratininga,Não,Não,Não,Não,Não,Não,Não,Pequeno,Sim,Não,Não,Sim,Não,Não,Não,Não,Não,Não,Não,Sim,Não,Não,Não,Não,Não,"Playground_de_madeira_plástica,Banco_de_madeira,Balanço,Lixeira,Paraciclos",Sim
-43.073477725,-22.9559683589999,60,{A6749F2E-1E61-4484-A563-D3E47F3BFDE2},Praça 06,Atualizada,OCEÂNICA,Piratininga,Não,Não,Não,Não,Não,Não,Não,Pequeno,Não,Não,Não,Sim,Não,Não,Sim,Não,Não,Não,Não,0,Não,Sim,Sim,Não,Não,"Playground_de_madeira_plástica,Banco_de_madeira,Banco_de_concreto,Balanço,Gangorra,Lixeira,Pérgula,Aparelho_de_ginástica_madeira",Sim
-43.057201221,-22.941800572,61,{58730583-6F05-461F-9F8C-3B65B55670CE},Praça Santa Paulina (Trevo de Piratininga),Aberta,OCEÂNICA,Piratininga,Não,Não,Não,Não,Não,Não,Não,,Sim,Não,Não,Sim,Não,Não,Sim,Não,Não,Não,Não,Sim,Não,Não,Não,Sim,Não,"Banco_de_madeira,Balanço,Gangorra,Lixeira,Academia_da_terceira_idade",Não
-43.071525827,-22.9361420119999,62,{99B09C5C-28C2-40AE-8A68-8F199D37F8CC},Praça Dom José Gonçalves da Costa,Aberta,OCEÂNICA,Piratininga,Não,Não,Não,Não,Não,Não,Não,,Sim,Não,Não,Sim,Não,Não,Sim,Não,Não,Não,Não,Sim,Não,Não,Não,Sim,Não,"Banco_de_madeira,Balanço,Gangorra,Lixeira,Academia_da_terceira_idade",Sim
-43.076024816,-22.936512674,63,{B555453E-AD3C-42D4-AF87-19BDA285E43B},Praça Residencial Fazendinha,Atualizada,OCEÂNICA,Piratininga,Não,Não,Não,Não,Não,Não,Não,Grande,Não,Sim,Não,Não,Não,Não,Não,Não,Não,Não,Não,Sim,Sim,Sim,Não,Sim,Não,Banco_de_concreto,Não
-43.067065967,-22.9323312999999,64,{7C16C679-4276-48C7-B3F8-45C42A014121},Rótula do DPO Cafubá,Aberta,OCEÂNICA,Cafubá,Não,Não,Não,Não,Não,Não,Não,,Não,Sim,Não,Não,Não,Não,Não,Não,Não,Não,Não,Sim,Sim,Não,Não,Não,Não,"Banco_de_concreto,Lixeira,Mesa_de_concreto",Não
-43.0536661089999,-22.90604407,65,{71DC13D9-617E-47A9-8A67-6564C84E7C77},Praça Ivan silva,Atualizada,PENDOTIBA,Cantagalo,Não,Não,Não,Não,Não,Não,Não,Médio,Não,Sim,Não,Sim,Sim,Sim,Não,Não,Sim,Não,Não,Sim,Sim,Não,Não,Sim,Não,"Playground_de_madeira_plástica,Banco_de_concreto,Balanço,Balanço_acessível,Escorregador,Trepa-trepa,Mesa_de_concreto,Academia_da_terceira_idade",Não
-43.0560398869999,-22.904497928,66,{8950C304-1E07-4595-9421-AA41553D6B86},Praça da Cocada,Atualizada,PENDOTIBA,Badu,Não,Não,Não,Não,Não,Não,Não,Pequeno,Não,Sim,Não,Sim,Não,Sim,Sim,Sim,Não,Não,Não,Sim,Não,Não,Sim,Sim,Não,"Playground_de_madeira_plástica,Banco_de_concreto,Balanço,Escorregador,Gangorra,Gira-gira,Lixeira,Aparelho_de_ginástica_madeira,Academia_da_terceira_idade",
-42.9890271519999,-22.891224182,68,{B39320FF-6D1F-4F7E-A7E2-72960C67D7E2},Praça Manoel Jose Antunes Filho,Aberta,LESTE,Rio do Ouro,Não,Não,Não,Não,Não,Não,Não,,Sim,Não,Não,Sim,Não,Não,Sim,Não,Não,Não,Não,Sim,Não,Não,Não,Sim,Não,"Banco_de_madeira,Balanço,Gangorra,Lixeira,Academia_da_terceira_idade",Não
-42.9859705379999,-22.910825592,69,{C7A3C582-03E9-4016-9DC0-6690585A16B8},Praça Varzea das Moças,Atualizada,LESTE,Várzea das Moças,Não,Não,Não,Não,Não,Não,Não,Pequeno,Não,Sim,Não,Sim,Não,Não,Não,Não,Não,Não,Não,Sim,Sim,Não,Não,Sim,Não,"Playground_de_madeira_plástica,Banco_de_concreto,Balanço,Lixeira,Mesa_de_concreto,Academia_da_terceira_idade",Não
-43.0839598009999,-22.872089258,70,{FC0AE80A-936B-400C-B1E8-EDEE1173902E},Praça do Campo da Palmeira,Atualizada,NORTE,Fonseca,Não,Não,Não,Não,Não,Não,Não,Médio,Sim,Sim,Não,Sim,Não,Sim,Sim,Não,Não,Não,Não,0,Sim,Não,Não,Sim,Não,"Campo_society,Playground_de_madeira_plástica,Banco_de_madeira,Banco_de_concreto,Escorregador,Gangorra,Lixeira,Academia_da_terceira_idade",Não
-43.1066253,-22.880605239,71,{E986CF76-4F0E-40DA-A61D-3D51AC81A2A1},Canteiro Central Alameda,Aberta,NORTE,Santana,Não,Não,Não,Não,Não,Não,Não,,Não,Sim,Não,Não,Não,Não,Não,Não,Não,Não,Não,Sim,Sim,Não,Não,Não,Não,"Banco_de_concreto,Lixeira",Não
-43.090697486,-22.882256878,72,{DB588D1C-927E-486B-BF47-FA7E653B59FD},Horto Fonseca-Palácio Euclides da Cunha,Atualizada,NORTE,Fonseca,Não,Sim,Não,Não,Não,Sim,Não,Grande,Sim,Sim,Sim,Sim,Não,Sim,Sim,Não,Não,Sim,Não,Sim,Sim,Sim,Não,Sim,Não,"Parcão,Pista_de_skate,Playground_de_madeira_plástica,Banco_de_madeira,Banco_de_concreto,Playground_de_madeira,Balanço,Escorregador,Gangorra,Busto,Lixeira,Mesa_de_concreto,Pérgula,Academia_da_terceira_idade,Paraciclos",
-43.0835203409999,-22.8775987659999,73,{B150F116-CDC0-4F9F-901E-43F55FA90B2F},Praça 14 de fevereiro,Atualizada,NORTE,Fonseca,Não,Não,Não,Não,Não,Não,Não,Pequeno,Sim,Sim,Não,Sim,Não,Sim,Não,Não,Não,Não,Não,Sim,Sim,Não,Não,Não,Não,"Playground_de_madeira_plástica,Banco_de_madeira,Banco_de_concreto,Balanço,Escorregador,Lixeira,Mesa_de_concreto",
-43.094598677,-22.8722712699999,74,{8D2F2556-E3AA-4A1A-B32D-DC6CCF5FFD37},Praça João Brasil,Aberta,NORTE,Engenhoca,Não,Não,Não,Não,Não,Não,Não,,Não,Sim,Não,Sim,Não,Sim,Sim,Não,Não,Não,Não,Sim,Não,Não,Não,Sim,Não,"Banco_de_concreto,Balanço,Escorregador,Gangorra,Lixeira,Academia_da_terceira_idade",
-43.088169697,-22.8769529469999,75,{BD0A2C67-EDD4-4449-BCDA-F4468DE61B8F},Praça Santo Cristo,Atualizada,NORTE,Fonseca,Não,Não,Não,Não,Não,Não,Não,Médio,Não,Sim,Não,Não,Não,Não,Não,Não,Não,Não,Não,Sim,Não,Não,Não,Não,Não,"Playground_de_madeira_plástica,Banco_de_concreto,Lixeira",Não
-43.069583182,-22.884015565,76,{FE141F5D-5396-4529-A514-94DEF9EBC08C},Praça Paulo Trannin,Aberta,NORTE,Fonseca,Não,Não,Não,Não,Não,Não,Não,,Não,Sim,Não,Não,Não,Não,Não,Não,Não,Não,Não,Sim,Sim,Não,Não,Não,Não,"Banco_de_concreto,Lixeira,Mesa_de_concreto",Não
-43.0787826339999,-22.8847410609999,77,{A76FDD57-56AA-4452-8E05-941E7015BCF7},Rotula Max Wolf,Aberta,NORTE,Fonseca,Não,Não,Não,Não,Não,Não,Não,,Sim,Não,Não,Não,Não,Não,Não,Não,Não,Não,Não,Não,Não,Não,Não,Não,Não,Banco_de_madeira,Não
-43.082980646,-22.877974072,78,{9BBB44B2-25EB-4172-9333-AAA473F4DA28},Praça Carlos Magaldi,Aberta,NORTE,Fonseca,Não,Não,Não,Sim,Não,Não,Não,Médio,Não,Sim,Não,Sim,Sim,Sim,Sim,Não,Não,Não,Não,Sim,Sim,Sim,Não,Sim,Não,"Quadra_poliesportiva,Playground_de_madeira_plástica,Banco_de_concreto,Balanço,Balanço_acessível,Escorregador,Gangorra,Lixeira,Mesa_de_concreto,Pérgula,Academia_da_terceira_idade",Não
-43.0865519029999,-22.881351837,79,{4F558F2D-6AF4-4440-85ED-A1FA2EA0471A},Praça Luciano Pestre,Aberta,NORTE,Fonseca,Não,Não,Não,Não,Não,Não,Não,,Sim,Sim,Não,Não,Não,Não,Não,Não,Não,Sim,Não,Sim,Sim,Não,Não,Sim,Não,"Banco_de_madeira,Banco_de_concreto,Busto,Lixeira,Mesa_de_concreto,Academia_da_terceira_idade",Não
-43.048496789,-22.8762993879999,80,{901D191D-E738-4C42-8E9D-A742582DECA1},Praça Joao Saldanha,Aberta,NORTE,Santa Bárbara,Não,Não,Sim,Sim,Não,Não,Não,,Sim,Sim,Sim,Sim,Não,Sim,Sim,Não,Não,Não,Não,Sim,Sim,Não,Não,Sim,Não,"Campo_society,Quadra_poliesportiva,Banco_de_madeira,Banco_de_concreto,Playground_de_madeira,Balanço,Escorregador,Gangorra,Lixeira,Mesa_de_concreto,Academia_da_terceira_idade",Não
-43.051872761,-22.8739568889999,81,{2370DE6C-1CB5-4A1A-A4E7-C0B7AC05F08E},Praça Mario Lago,Atualizada,NORTE,Santa Bárbara,Não,Não,Não,Não,Não,Não,Não,Grande,Sim,Sim,Não,Sim,Não,Não,Sim,Não,Não,Não,Não,Sim,Sim,Não,Não,Não,Não,"Playground_de_madeira_plástica,Banco_de_madeira,Banco_de_concreto,Balanço,Gangorra,Lixeira,Mesa_de_concreto",Não
-43.1102679759999,-22.887096093,82,{9A552BE1-26ED-483B-AE08-0E0EED1D38AF},Praça Gen. Rondon,Aberta,NORTE,São Lourenço,Não,Não,Não,Não,Não,Não,Não,,Sim,Sim,Não,Não,Não,Não,Não,Não,Não,Sim,Não,Não,Sim,Não,Não,Não,Não,"Banco_de_madeira,Banco_de_concreto,Lixeira,Mesa_de_concreto",Não
-43.1322281,-22.901171871,83,{C4DB5995-374A-43B7-9A0B-27E523FC42F8},Praça Escritor Adelino Magalhães  (Santos Dumont),Aberta,PRAIAS DA BAÍA,Gragoatá,Não,Não,Não,Não,Não,Não,Não,,Sim,Não,Não,Não,Não,Não,Não,Não,Não,Sim,Não,0,Não,Não,Sim,Não,Não,"Banco_de_madeira,Busto,Lixeira,Aparelho_de_ginástica_madeira",
-43.1258493839999,-22.8957960399999,84,{F40E6B51-CBFE-4E59-9F65-D232C8475F79},Praça Juscelino Kubitschek,Aberta,PRAIAS DA BAÍA,Centro,Não,Não,Não,Não,Não,Não,Não,,Não,Sim,Não,Não,Não,Não,Não,Não,Não,Sim,Não,Não,Não,Não,Não,Não,Não,"Banco_de_concreto,Busto",Não
-43.1240124019999,-22.89400445,85,{B6E9B668-6D5A-434E-ADDA-8A4FD0B5B0A8},Praça Araribóia,Aberta,PRAIAS DA BAÍA,Centro,Não,Não,Não,Não,Não,Não,Não,,Sim,Não,Não,Não,Não,Não,Não,Não,Não,Sim,Não,Não,Não,Não,Não,Não,Não,"Banco_de_madeira,Busto,Lixeira",Não
-43.114003312,-22.893958212,86,{7CA4677D-B836-4C55-916E-70F65363B6F8},Praça Pastor Manoel Avelino de Souza (Praça das Águas),Aberta,PRAIAS DA BAÍA,Centro,Não,Não,Não,Não,Não,Não,Não,,Não,Sim,Não,Não,Não,Não,Não,Não,Não,Não,Não,Sim,Não,Não,Não,Não,Não,"Banco_de_concreto,Lixeira",Não
-43.1261536279999,-22.8849995329999,88,{BDC768AC-FEB1-4991-95AF-06A6F172D299},Praça Gov. Roberto Silveira (Praça amendoeira),Aberta,PRAIAS DA BAÍA,Centro,Não,Não,Sim,Não,Sim,Sim,Sim,,Sim,Sim,Não,Sim,Sim,Sim,Sim,Não,Não,Não,Não,Sim,Sim,Não,Não,Sim,Sim,"Campo_society,Quadra_de_volei,Pista_de_skate,Churrasqueira,Banco_de_madeira,Banco_de_concreto,Balanço,Balanço_acessível,Escorregador,Gangorra,Lixeira,Mesa_de_concreto,Academia_da_terceira_idade,Aparelho_de_ginástica_inox",Não
-43.125015774,-22.8968788559999,89,{4533B891-F4EF-43EA-BF68-6F41EB790491},Praça Ilídio Soares,Aberta,PRAIAS DA BAÍA,São Domingos,Não,Não,Não,Não,Não,Não,Não,,Não,Sim,Não,Não,Não,Não,Não,Não,Não,Não,Não,Sim,Não,Não,Não,Não,Não,"Banco_de_concreto,Lixeira",Não
-43.1250943329999,-22.8964649919999,90,{ECF9EF6C-AEF9-42D2-9CB9-310B30B9E968},Praça Luiz de Camões,Aberta,PRAIAS DA BAÍA,São Domingos,Não,Não,Não,Não,Não,Não,Não,,Não,Sim,Não,Não,Não,Não,Não,Não,Não,Não,Não,Sim,Não,Não,Não,Não,Não,"Banco_de_concreto,Lixeira",Não
-43.119926735,-22.884944065,91,{67F92A6F-438A-4951-BF76-B2C71ED39E84},Praça 31 de março,Aberta,PRAIAS DA BAÍA,Centro,Não,Não,Não,Não,Não,Não,Não,,Não,Não,Não,Não,Não,Não,Não,Não,Não,Sim,Não,Sim,Não,Não,Não,Não,Não,Busto,Não
-43.124484041,-22.883092534,92,{E74D199B-1106-4847-A7DE-132039ACBB77},Praça José Pinho (Praça Manoel Vitorino),Atualizada,PRAIAS DA BAÍA,Ponta d'Areia,Não,Não,Não,Sim,Não,Não,Não,Grande,Não,Sim,Não,Sim,Não,Sim,Sim,Não,Não,Não,Não,Sim,Sim,Sim,Não,Sim,Não,"Quadra_poliesportiva,Playground_de_madeira_plástica,Banco_de_concreto,Balanço,Escorregador,Gangorra,Lixeira,Mesa_de_concreto,Pérgula,Academia_da_terceira_idade",Não
-43.1165393969999,-22.883224357,93,{6AFD7678-4F77-46AB-AE6B-824AD20E9F43},Praça Renascença,Aberta,PRAIAS DA BAÍA,Centro,Não,Não,Não,Não,Não,Não,Não,,Não,Não,Não,Não,Não,Não,Não,Não,Não,Sim,Não,Sim,Não,Não,Não,Não,Não,Busto,Não
-43.121831861,-22.891685031,94,{7DCD99C2-EDDD-4440-BC64-4A38EDFF7609},Praça  São João,Aberta,PRAIAS DA BAÍA,Centro,Não,Não,Não,Não,Não,Não,Não,,Sim,Sim,Não,Sim,Não,Sim,Sim,Não,Sim,Não,Não,Sim,Sim,Não,Sim,Não,Não,"Banco_de_madeira,Banco_de_concreto,Balanço,Escorregador,Gangorra,Trepa-trepa,Lixeira,Mesa_de_concreto,Aparelho_de_ginástica_madeira,Paraciclos",Sim
-43.1305735249999,-22.8995721269999,95,{C041B8E5-3A0A-414E-B7F9-D043A90958A8},Praça Leoni Ramos,Atualizada,PRAIAS DA BAÍA,São Domingos,Não,Não,Não,Não,Não,Não,Não,Pequeno,Não,Sim,Não,Sim,Não,Sim,Não,Não,Não,Sim,Não,0,Sim,Não,Não,Não,Não,"Playground_de_madeira_plástica,Banco_de_concreto,Balanço,Busto,Lixeira,Mesa_de_concreto",Não
-43.1170728499999,-22.894003644,97,{CFACD1AF-8C72-4D86-8774-A46CBB2D3473},Praça da República,Aberta,PRAIAS DA BAÍA,Centro,Não,Não,Não,Não,Não,Não,Não,,Sim,Não,Não,Não,Não,Não,Não,Não,Não,Sim,Não,0,Não,Não,Não,Não,Não,"Banco_de_madeira,Busto",Não
-43.121878888,-22.896056185,98,{001D42F1-ED06-4F5E-8922-F03EEB514B96},Praça General Gomes Carneiro (Praça do Rink),Atualizada,PRAIAS DA BAÍA,Centro,Não,Não,Não,Não,Não,Não,Não,Médio,Não,Sim,Não,Sim,Não,Sim,Sim,Não,Sim,Sim,Não,Sim,Sim,Não,Não,Sim,Não,"Playground_de_madeira_plástica,Banco_de_concreto,Balanço,Escorregador,Gira-gira,Busto,Lixeira,Mesa_de_concreto,Academia_da_terceira_idade,Paraciclos",Sim
-43.1308859219999,-22.9066464369999,99,{DDF56642-2B99-4C83-89AF-CB1C61B72DDB},Praça Pedro Álvares Cabral,Aberta,PRAIAS DA BAÍA,Boa Viagem,Não,Não,Não,Não,Não,Não,Não,,Não,Sim,Não,Não,Não,Não,Não,Não,Não,Sim,Não,0,Não,Não,,Não,Não,"Banco_de_concreto,Busto,Lixeira",Não
-43.129750099,-22.904176859,100,{0965A628-3C33-496C-A8EC-E94EB0D1BA7C},Praça Nilo Peçanha,Atualizada,PRAIAS DA BAÍA,São Domingos,Não,Não,Não,Não,Não,Não,Não,Médio,Não,Sim,Sim,Sim,Não,Não,Não,Não,Não,Sim,Não,0,Sim,Não,Não,Sim,Não,"Playground_de_madeira_plástica,Banco_de_concreto,Playground_de_madeira,Balanço,Busto,Lixeira,Mesa_de_concreto,Academia_da_terceira_idade",Não
-43.129366514,-22.897537413,101,{D232C521-4B2A-4249-99C0-C527DEF8C6FC},Praça Concha Acústica,Aberta,PRAIAS DA BAÍA,São Domingos,Não,Não,Não,Não,Não,Não,Não,,Não,Sim,Sim,Não,Não,Não,Não,Não,Não,Não,Não,Sim,Sim,Não,Não,Não,Não,"Banco_de_concreto,Playground_de_madeira,Lixeira,Mesa_de_concreto",Não
-43.134577142,-22.901885766,102,{B1A63A04-8A6F-4B64-9645-87DF302D2D41},Praça Duque de Caxias,Aberta,PRAIAS DA BAÍA,São Domingos,Não,Não,Não,Não,Não,Não,Não,,Sim,Não,Não,Não,Não,Não,Não,Não,Não,Sim,Sim,0,Não,Não,Não,Não,Não,"Banco_de_madeira,Busto,Coreto,Lixeira",Não
-43.130844307,-22.9081830329999,103,{F6EE5E1C-FE66-4541-B08D-6E15BA199432},Rotula Dr. Atalair,Aberta,PRAIAS DA BAÍA,Boa Viagem,Não,Não,Não,Não,Não,Não,Não,,Não,Sim,Não,Não,Não,Não,Não,Não,Não,Não,Não,Sim,Não,Não,Sim,Não,Não,"Banco_de_concreto,Lixeira,Aparelho_de_ginástica_madeira",
-43.1160875539999,-22.891951154,104,{569C7723-525C-48B7-839F-2CE84514AC97},Parque das Águas,Atualizada,PRAIAS DA BAÍA,Centro,Não,Não,Não,Não,Não,Não,Não,Grande,Sim,Sim,Sim,Sim,Não,Sim,Sim,Não,Não,Não,Não,Sim,Sim,Sim,Não,Sim,Não,"Playground_de_madeira_plástica,Banco_de_madeira,Banco_de_concreto,Playground_de_madeira,Balanço,Escorregador,Gangorra,Mesa_de_concreto,Pérgula,Academia_da_terceira_idade,Paraciclos",Sim
-43.1147214109999,-22.885722216,105,{E6C32CE2-A409-4438-9203-D1E9D64F3F8E},Canteiros redondos,Aberta,PRAIAS DA BAÍA,Centro,Não,Não,Não,Não,Não,Não,Não,,Não,Não,Não,Não,Não,Não,Não,Não,Não,Não,Não,Não,Não,Não,Não,Não,Não,,Não
-43.096807881,-22.947870238,107,{8A749222-A5C7-4F94-8B2F-CFA07E751344},Praça Menandro Menezes,Atualizada,OCEÂNICA,Jardim Imbuí,Não,Não,Não,Não,Não,Não,Não,Pequeno,Não,Sim,Não,Sim,Não,Sim,Sim,Sim,Não,Não,Não,Sim,Sim,Não,Não,Não,Não,"Playground_de_madeira_plástica,Banco_de_concreto,Balanço,Escorregador,Gangorra,Gira-gira,Lixeira,Mesa_de_concreto",Não
-43.0594034009999,-22.9528259149999,108,{B63EF664-4934-48D3-806E-D212BC094BEA},Praça Luiz C. Gil de Barros Amóra,Aberta,OCEÂNICA,Camboinhas,Não,Não,Não,Não,Não,Não,Não,,Não,Sim,Não,Não,Não,Não,Não,Não,Não,Não,Não,Sim,Não,Não,Não,Não,Não,"Banco_de_concreto,Lixeira",Não
-43.098049687,-22.9490138859999,109,{2F1DDA54-9D2E-417E-BCF0-ABE0BAA53645},Praça do Polvo,Aberta,OCEÂNICA,Jardim Imbuí,Não,Não,Não,Não,Não,Não,Não,,Não,Sim,Não,Sim,Não,Não,Não,Não,Não,Não,Não,0,Sim,0,Não,Sim,Não,"Banco_de_concreto,Balanço,Lixeira,Mesa_de_concreto,Academia_da_terceira_idade",Não
-43.008943116,-22.934953708,110,{2D265BD0-78F5-4C61-8C6F-64D7BFCC94C4},Praça  Irene Lopes Sodré,Aberta,OCEÂNICA,Engenho do Mato,Não,Não,Não,Não,Não,Não,Não,,Não,Sim,Não,Sim,Não,Sim,Sim,Não,Sim,Não,Sim,Sim,Sim,Não,Não,Sim,Não,"Banco_de_concreto,Balanço,Escorregador,Gangorra,Trepa-trepa,Coreto,Lixeira,Mesa_de_concreto,Academia_da_terceira_idade",Não
-43.024077174,-22.943850187,111,{4A96F663-6693-4B70-8CC2-78CFC70416C2},Horto de Itaipú,Atualizada,OCEÂNICA,Maravista,Não,Não,Não,Não,Não,Não,Não,Grande,Sim,Não,Sim,Não,Não,Não,Não,Não,Não,Não,Não,Sim,Não,Não,Não,Sim,Não,"Playground_de_madeira_plástica,Banco_de_madeira,Playground_de_madeira,Lixeira,Academia_da_terceira_idade",Não
-43.1147818809999,-22.9327969469999,112,{0B887BE8-D23D-4043-9A1B-11627CDF2631},Praça em frente ao posto de saúde,Atualizada,PRAIAS DA BAÍA,Jurujuba,Não,Não,Sim,Não,Não,Não,Não,Pequeno,Não,Sim,Não,Sim,Não,Não,Sim,Não,Não,Não,Não,Não,Sim,Não,Não,Não,Não,"Campo_society,Playground_de_madeira_plástica,Banco_de_concreto,Balanço,Gangorra,Lixeira",Não
-43.1145785589999,-22.9319908529999,113,{5DEA3045-D23C-4371-A4EC-26F66083BCAB},Praça Nossa Senhora da Conceição (Praça da Igrejinha),Aberta,PRAIAS DA BAÍA,Jurujuba,Não,Não,Não,Não,Não,Não,Não,,Sim,Não,Sim,Sim,Não,Não,Sim,Não,Não,Não,Não,0,Não,Não,Não,Não,Não,"Banco_de_madeira,Playground_de_madeira,Balanço,Gangorra,Lixeira,Mesa_de_concreto",Não
-43.1165765769999,-22.931328289,114,{647ADF73-7827-48C6-BEE8-0F77D5F0DFB3},Praça  da Asa delta,Aberta,PRAIAS DA BAÍA,Jurujuba,Não,Não,Não,Não,Não,Não,Não,,Não,Não,Sim,Não,Não,Não,Não,Não,Não,Não,Não,Não,Sim,Não,Não,Sim,Sim,"Playground_de_madeira,Mesa_de_concreto,Academia_da_terceira_idade,Aparelho_de_ginástica_inox",Não
-43.0968337899999,-22.905555799,115,{96DCFB9B-29FC-4550-96D5-EDAB37119CF4},Praça Vital Brasil,Atualizada,PRAIAS DA BAÍA,Vital Brasil,Não,Sim,Não,Não,Não,Não,Não,Médio,Não,Sim,Não,Não,Não,Não,Não,Não,Não,Não,Não,Sim,Sim,Sim,Não,Não,Não,"Parcão,Playground_de_madeira_plástica,Banco_de_concreto,Lixeira,Mesa_de_concreto,Pérgula",Não
-43.078544489,-22.912569032,116,{7E6F3045-C5ED-4E35-A438-BB23DB113945},Praça Rui Barbosa,Aberta,PRAIAS DA BAÍA,Cachoeira,Não,Não,Não,Não,Não,Não,Não,,Não,Sim,Não,Não,Não,Não,Não,Não,Não,Não,Não,0,Não,Sim,Não,Não,Não,"Banco_de_concreto,Lixeira",Não
-43.1146586479999,-22.873332107,117,{EF7A8428-B4BB-436C-9992-1C1BD0C00D55},Praça Luzitânia,Aberta,NORTE,Ilha da Conceição,Não,Não,Não,Sim,Não,Não,Não,,Não,Sim,Sim,Sim,Não,Não,Não,Não,Não,Não,Não,Não,Sim,Não,Não,Não,Não,"Quadra_poliesportiva,Banco_de_concreto,Playground_de_madeira,Balanço,Mesa_de_concreto,Paraciclos",Sim
-43.11400822,-22.873857173,118,{31D0DA0D-7E67-49F5-9B87-97BDE0D649B1},Praça Maria de Fátima Soares Machado,Aberta,NORTE,Ilha da Conceição,Não,Não,Não,Não,Não,Não,Não,,Não,Sim,Não,Não,Não,Não,Não,Não,Não,Não,Não,Não,Sim,Não,Não,Não,Não,"Banco_de_concreto,Mesa_de_concreto",Não
-43.115710736,-22.867709756,119,{A2B7E15C-7A32-4ADF-99C6-4C01BDAA4A3E},Praça Alcides Pereira,Atualizada,NORTE,Ilha da Conceição,Não,Não,Não,Não,Não,Não,Não,Pequeno,Não,Não,Não,Sim,Não,Sim,Não,Não,Não,Não,Não,Não,Sim,0,Não,Sim,Não,"Playground_de_madeira_plástica,Balanço,Escorregador,Mesa_de_concreto,Academia_da_terceira_idade",Não
-43.09593109,-22.879448086,120,{01521D90-5050-40BB-A275-A4FEBB2C2175},Praça Guadalajara,Aberta,NORTE,Fonseca,Não,Não,Não,Não,Sim,Não,Não,,Não,Não,Não,Não,Não,Sim,Sim,Não,Não,Não,Não,0,Sim,Não,Não,Sim,Não,"Quadra_de_volei,Escorregador,Gangorra,Mesa_de_concreto,Academia_da_terceira_idade",Não
-43.1183203639999,-22.8918873059999,121,{FF385539-540F-4864-803D-180E2EFE9E08},Praça Bety Orsini,Aberta,PRAIAS DA BAÍA,Centro,Não,Não,Não,Não,Não,Não,Não,,Sim,Não,Não,Não,Não,Não,Não,Não,Não,Não,Não,Sim,Não,Não,Não,Não,Não,"Banco_de_madeira,Lixeira",Não
-43.077482668,-22.881622932,122,{98FEB266-6539-4993-BF33-4AACE2B58EF7},Praça  da Bonfim,Atualizada,NORTE,Fonseca,Não,Não,Não,Não,Não,Não,Não,Médio,Não,Sim,Não,Sim,Não,Sim,Sim,Não,Sim,Não,Não,Sim,Sim,Não,Não,Sim,Não,"Quadra_poliesportiva,Playground_de_madeira_plástica,Banco_de_concreto,Balanço,Gangorra,Mesa_de_concreto",
-43.016090869,-22.943511073,123,{DF22D7E1-0FC0-4845-8BA2-1B7B61D6393E},Praça Vale feliz,Aberta,OCEÂNICA,Engenho do Mato,Não,Não,Não,Não,Não,Não,Não,,Não,Sim,Não,Sim,Não,Sim,Sim,Não,Sim,Não,Não,,Sim,Sim,Não,Sim,Não,"Banco_de_concreto,Balanço,Escorregador,Gangorra,Trepa-trepa,Lixeira,Mesa_de_concreto,Pérgula,Academia_da_terceira_idade",Não
-43.063087351,-22.8776728199999,124,{105F1A7B-73F2-47CA-B94F-52499D58EF31},Praça da Cova da Onça,Aberta,NORTE,Baldeador,Não,Não,Sim,Não,Não,Não,Não,,Não,Sim,Sim,Não,Não,Não,Sim,Não,Não,Não,Não,Sim,Sim,Não,,Sim,Não,"Campo_society,Balanço,Escorregador,Mesa_de_concreto,Aparelho_de_ginástica_inox",Não
-43.0264711029999,-22.885493878,125,{4BE2EFA4-5735-4C8B-87E9-3AEB98B1E384},Praça da Saudade,Atualizada,PENDOTIBA,Maria Paula,Não,Não,Sim,Não,Não,Não,Não,Médio,Não,Sim,Não,Sim,Não,Sim,Sim,Não,Sim,Não,Não,Sim,Sim,Não,Sim,Sim,Não,"Campo_society,Playground_de_madeira_plástica,Banco_de_concreto,Balanço,Escorregador,Gangorra,Trepa-trepa,Lixeira,Mesa_de_concreto,Aparelho_de_ginástica_madeira,Academia_da_terceira_idade",Não
-43.0032280039999,-22.9271762609999,126,{543840F4-C18E-43B6-84B7-4BBCD7B6CA48},Praça do Mangueirão,Atualizada,OCEÂNICA,Engenho do Mato,Não,Não,Não,Não,Não,Não,Não,Médio,Não,Sim,Sim,Não,Não,Não,Não,Não,Não,Não,Não,Sim,Não,,Não,Sim,Não,"Playground_de_madeira_plástica,Banco_de_concreto,Playground_de_madeira,Lixeira,Academia_da_terceira_idade",Não
-43.113306839,-22.935065342,127,{2B502413-5AC2-4313-9C9B-43E93A3C0077},Praça  do Flamenguinho,Atualizada,PRAIAS DA BAÍA,Jurujuba,Não,Não,Sim,Não,Não,Não,Não,Pequeno,Sim,Não,Sim,Sim,Não,Sim,Sim,Não,Não,Não,Não,Não,Não,Não,Não,Sim,Não,"Campo_society,Playground_de_madeira_plástica,Banco_de_madeira,Balanço,Escorregador,Gangorra,Lixeira,Academia_da_terceira_idade",Não
-43.0712576409999,-22.9391138459999,128,{231F7449-2653-4512-BA54-09BA4E15F78D},Praça da Barreira,Atualizada,OCEÂNICA,Piratininga,Não,Não,Sim,Não,Não,Não,Não,Pequeno,Não,Não,Não,Sim,Não,Sim,Sim,Não,Sim,Não,Não,Sim,Não,Não,Sim,Não,Não,"Campo_society,Playground_de_madeira_plástica,Balanço,Escorregador,Gangorra,Trepa-trepa,Lixeira,Aparelho_de_ginástica_madeira",Não
-43.1029575539999,-22.894698263,129,{B2D534FA-1A7C-4A14-8778-FE696D600D48},Praça Pé pequeno,Atualizada,PRAIAS DA BAÍA,Pé Pequeno,Não,Não,Não,Não,Não,Não,Não,Pequeno,Não,Sim,Não,Sim,Não,Sim,Sim,Não,Não,Não,Não,Não,Sim,Não,Não,Sim,Não,"Campo_society,Playground_de_madeira_plástica,Banco_de_concreto,Balanço,Escorregador,Gangorra,Mesa_de_concreto",Não
-43.0756086609999,-22.900674538,130,{E57BF2E2-F9D1-4C52-B226-C4CD234EF7E5},Praça alarico de souza,Aberta,PENDOTIBA,Largo da Batalha,Não,Não,Não,Não,Não,Não,Não,,Não,Não,Não,Sim,Não,Não,Sim,Não,Não,Não,Não,Não,Sim,Não,Não,Não,Não,"Balanço,Gangorra,Mesa_de_concreto",Não
-43.114119037,-22.8699028839999,131,{E573751A-5047-4978-9738-A07C76828FAD},Praça Nossa Senhora da Conceição (Ilha),Aberta,NORTE,Ilha da Conceição,Não,Não,Não,Não,Não,Não,Não,,Não,Sim,Não,Não,Não,Não,Não,Não,Não,Não,Não,Não,Sim,Não,Não,Não,Não,"Banco_de_concreto,Mesa_de_concreto",Não
-43.132819417,-22.9060124,132,{8DA00889-2F47-417E-B253-231CDD577E20},Praça Pérola,Aberta,PRAIAS DA BAÍA,Boa Viagem,Não,Não,Não,Não,Não,Não,Não,,Não,Sim,Não,Sim,Não,Sim,Não,Não,Sim,Não,Não,Não,Sim,Não,Não,Sim,Não,"Banco_de_concreto,Balanço,Escorregador,Trepa-trepa,Mesa_de_concreto,Academia_da_terceira_idade",Não
-43.131145064,-22.899044804,133,{7AF88965-6F81-4E1E-9FC9-077F0B4CFC9F},Praça Zumbi dos Palmares,Aberta,PRAIAS DA BAÍA,São Domingos,Não,Não,Não,Não,Não,Não,Não,,Não,Sim,Não,Não,Não,Não,Não,Não,Não,Sim,Não,Sim,Não,Não,Não,Não,Não,"Banco_de_concreto,Busto,Lixeira",Não
-43.107653926,-22.899298361,134,{79CAAAC8-F728-4EB4-B0EA-6ABA693DBFC2},Praça dos Escoteiros,Aberta,PRAIAS DA BAÍA,Icaraí,Não,Não,Não,Não,Não,Não,Não,,Não,Sim,Não,Não,Não,Não,Não,Não,Não,Não,Não,Não,Não,Não,Não,Não,Não,"Banco_de_concreto,Lixeira",Não
-43.0932012009999,-22.880885576,135,{444732CF-2CEB-4A24-AE08-E923D1FA6D93},Praça Márcia Souto,Aberta,NORTE,Fonseca,Não,Não,Não,Não,Não,Não,,,Sim,Sim,Não,Não,Não,Não,Não,Não,Não,Não,Não,Sim,Sim,Sim,Não,Sim,Não,"Banco_de_madeira,Banco_de_concreto,Lixeira,Mesa_de_concreto,Pérgula,Academia_da_terceira_idade",Sim
-43.1280952609999,-22.8894139509999,136,{EEADF03A-6170-4293-BC34-9D63E83C4344},Caminho Niemeyer,Aberta,PRAIAS DA BAÍA,Centro,Não,Não,Não,Não,Não,Não,Não,,Não,Não,Não,Não,Não,Não,Não,Não,Não,Não,Não,Sim,Não,Não,Não,Não,Não,Lixeira,Não
-43.066422184,-22.906599171,137,{8DC8F749-9B93-46BD-8C20-99232D2B6353},Praça Levi Francisco da Cruz Nunes,Aberta,PENDOTIBA,Largo da Batalha,Não,Não,Sim,Não,Não,Sim,Não,,Sim,Sim,Não,Sim,Não,Sim,Não,Não,Não,Não,Não,Sim,Sim,Sim,Não,Não,Não,"Campo_society,Pista_de_skate,Banco_de_madeira,Banco_de_concreto,Balanço,Escorregador,Lixeira,Mesa_de_concreto,Pérgula,Paraciclos",Sim
-43.1035154849999,-22.859703017,138,{04877FC9-E435-45A6-949B-BABF739B9CB7},Praça Noel Leal Fonseca,Aberta,NORTE,Barreto,Não,Não,Não,Não,Não,Não,Não,,Não,Sim,Não,Sim,Não,Não,Não,Não,Não,Não,Não,Sim,Não,Não,Não,Não,Não,"Banco_de_concreto,Balanço,Lixeira",Não
-43.1313127769999,-22.9072248319999,139,{4370D749-52E1-49B9-9F7D-EFD692B11547},Praça Evandro Marques dos Santos,Aberta,PRAIAS DA BAÍA,Boa Viagem,Não,Não,Não,Não,Não,Não,Não,,Não,Sim,Não,Não,Não,Não,Não,Não,Não,Não,Não,Sim,Não,Não,Não,Não,Não,"Banco_de_concreto,Lixeira",Não
-43.053778387,-22.9581696399999,140,{71F14259-8625-40A2-8907-D2B486556FBA},Praça João Batista Petersen Mendes,Atualizada,OCEÂNICA,Camboinhas,Não,Não,Não,Não,Não,Não,Não,Grande,Sim,Não,Sim,Sim,Não,Sim,Sim,Não,Não,Não,Não,Sim,Não,Não,Não,Não,Não,"Playground_de_madeira_plástica,Banco_de_madeira,Playground_de_madeira,Balanço,Escorregador,Gangorra,Lixeira",Não
-43.056190476,-22.9551518119999,141,{A6B5263F-DAD5-454D-88C5-563D5FE2743E},Praça Burle Marx,Aberta,OCEÂNICA,Camboinhas,Não,Não,Não,Não,Não,Não,Não,,Não,Sim,Não,Sim,Não,Sim,Sim,Não,Sim,Não,Não,Não,Não,Não,Não,Não,Não,"Banco_de_concreto,Balanço,Escorregador,Gangorra,Trepa-trepa",Não
-43.065244473,-22.8866659289999,142,{D3A425D1-ADAF-4AAF-A18C-535429E74644},Praça da Abolição,Atualizada,NORTE,Caramujo,Não,Não,Não,Sim,Não,Não,Não,Médio,Não,Sim,Não,Não,Não,Não,Não,Não,Não,Não,Não,Sim,Não,Não,Não,Não,Não,"Quadra_poliesportiva,Playground_de_madeira_plástica,Banco_de_concreto,Lixeira,Mesa_de_concreto",Não
-43.115869857,-22.883486653,143,{2E13709E-6C84-4BB3-8BF6-F16DC72CA478},Praça dos Expedicionários,Aberta,PRAIAS DA BAÍA,Centro,Não,Não,Não,Não,Não,Não,Não,,Não,Não,Não,Não,Não,Não,Não,Não,Não,Não,Não,Não,Não,Não,Não,Não,Não,,Não
-43.0303942589999,-22.951566644,144,{C5048C50-8D3A-404D-9EE3-880BC2EF26FB},Praça do Boa vista,Atualizada,OCEÂNICA,Itaipu,Não,Não,Não,Não,Não,Não,Não,Médio,Não,Sim,Não,Não,Não,Não,Não,Não,Não,Não,Não,Não,Sim,Não,Não,Não,Não,"Playground_de_madeira_plástica,Banco_de_concreto,Mesa_de_concreto",Não
-43.0311506419999,-22.9529275369999,145,{518EAB99-5DA5-47EC-A961-E5098E7DE93D},Praça Boanerges Evangelista,Aberta,OCEÂNICA,Itaipu,Não,Não,Não,Sim,Não,Não,Não,,Sim,Sim,Sim,Sim,Não,Sim,Sim,Sim,Sim,Não,Não,Sim,Sim,,Não,Sim,Não,"Quadra_poliesportiva,Banco_de_madeira,Banco_de_concreto,Playground_de_madeira,Balanço,Escorregador,Gangorra,Gira-gira,Trepa-trepa,Lixeira,Academia_da_terceira_idade",Não
-43.109609211,-22.87043068,146,{4C9803DF-978E-421C-B390-D2671832E936},Praça do campo Travessa Barroso,Aberta,NORTE,Barreto,Não,Não,Sim,Não,Não,Não,Não,,,,,,,,,,,,,,,,,,,Campo_society,
-43.0902674979999,-22.8781072809999,147,{133FA860-848C-4E06-8F92-2DE62A704551},Praça da Travessa Continental,Atualizada,NORTE,Fonseca,Não,Não,Sim,Não,Não,Não,Não,Grande,Não,Sim,Não,Sim,Não,Sim,Sim,Não,Não,Não,Não,Sim,Sim,Não,Não,Sim,Não,"Campo_society,Playground_de_madeira_plástica,Banco_de_concreto,Balanço,Escorregador,Gangorra,Mesa_de_concreto,Academia_da_terceira_idade",Não
-43.098502416,-22.8940900769999,148,{56203B9F-A7C3-45AD-990A-A523C27C0260},Praça Travessa Yara,Atualizada,NORTE,Cubango,Não,Não,Não,Sim,Não,Não,Não,Médio,Não,Sim,Não,Sim,Não,Sim,Sim,Não,Não,Não,Não,,Sim,Não,Não,Sim,Não,"Quadra_poliesportiva,Playground_de_madeira_plástica,Banco_de_concreto,Balanço,Escorregador,Academia_da_terceira_idade",
-43.0564934339999,-22.937297198,149,{E5D93AFF-60C4-458F-88F4-2DEE0E47DBAF},Praça Frei Orlando,Atualizada,OCEÂNICA,Jacaré,Não,Não,Não,Sim,Não,Não,Sim,Médio,Não,Sim,Não,Sim,Não,Sim,Sim,Não,Não,Não,Não,Sim,Sim,Não,Não,Não,Não,"Quadra_poliesportiva,Churrasqueira,Playground_de_madeira_plástica,Banco_de_concreto,Balanço,Escorregador,Gangorra,Lixeira,Mesa_de_concreto",Não
-43.0876190939999,-22.949079416,150,{D57DDCA8-5610-4DE5-9559-BD48EC427967},Praça Celso Kelly,Atualizada,OCEÂNICA,Piratininga,Não,Não,Sim,Não,Não,Não,Não,Médio,Não,Sim,Não,Sim,Não,Sim,Sim,Não,Não,Não,Não,Sim,Sim,Não,Não,Sim,Não,"Campo_society,Playground_de_madeira_plástica,Banco_de_concreto,Balanço,Escorregador,Gangorra,Lixeira,Mesa_de_concreto,Academia_da_terceira_idade",Não
-43.0836619569999,-22.863651659,151,{2084DE89-087B-4122-89DE-E682E16AB9BC},Praça Senhorinha Santos Souza,Atualizada,NORTE,Tenente Jardim,Não,Não,Não,Sim,Não,Não,Não,Médio,Não,Sim,Não,Sim,Não,Sim,Sim,Não,Não,Não,Não,Sim,Sim,Não,Não,Sim,Não,"Quadra_poliesportiva,Playground_de_madeira_plástica,Banco_de_concreto,Balanço,Escorregador,Gangorra,Lixeira,Mesa_de_concreto,Academia_da_terceira_idade",Não
-43.075826561,-22.8770295049999,152,{9368E617-841C-49F2-9FC5-D725AB1E0488},Praça de Esportes Leny de Moraes Pereira,Aberta,NORTE,Fonseca,Não,Não,Não,Sim,Não,Não,Não,,Não,Não,Não,Não,Não,Não,Sim,Sim,Não,Não,Não,Não,Sim,Não,Não,Não,Não,"Quadra_poliesportiva,Gangorra,Gira-gira,Mesa_de_concreto",Não
-43.089373549,-22.867179977,153,{2B5EC488-8FD8-4BF3-971D-74EC8B843906},Praça LBA,Aberta,NORTE,Engenhoca,,,,,,,,,,,,,,,,,,,,,,,,,,,
-43.109122676,-22.9119119059999,154,{8A4E383C-E559-476A-AD86-603BE74D1067},Praça Armando Barcellos,Aberta,PRAIAS DA BAÍA,Icaraí,Não,Não,Não,Não,Não,,Não,,Não,Sim,Não,Não,Não,Não,Não,Não,Não,Não,Não,Sim,Não,Não,Não,Não,Não,"Banco_de_concreto,Lixeira",Não
-43.108414572,-22.911666082,155,{50016B0F-E22F-4AEB-80C8-9E3C257BBBE5},Praça Dr. Octávio de Carvalho Valle (Ampliação),Aberta,PRAIAS DA BAÍA,Icaraí,,Não,Não,Não,Não,Não,Não,,Não,Sim,Não,Não,Não,Não,Não,Não,Não,Não,Não,Sim,Não,Não,Não,Não,Não,"Banco_de_concreto,Lixeira",Não
-43.1270950209999,-22.898602685,156,{B8DE0A7D-07DF-4DA7-8B02-DA631FCA87AC},Praça do Maçon,Aberta,PRAIAS DA BAÍA,São Domingos,Não,Não,Não,Não,Não,Não,Não,,Não,Sim,Não,Não,Não,Não,Não,Não,Não,Não,Não,Sim,Não,Não,Não,Não,Não,"Banco_de_concreto,Lixeira",Não
-43.127027111,-22.883606131,157,{BAE0D24A-F4F0-4C54-BEBE-EC2D53F090FC},Praça Dr. Alberto Santos Lima,Aberta,PRAIAS DA BAÍA,Ponta d'Areia,Não,Não,Não,Não,Não,Não,Não,,Não,Não,Não,Não,Não,Não,Não,Não,Não,Não,Não,Não,Não,Não,Não,Não,Não,,Não
-43.0656667329999,-22.9375000919999,158,{9849D591-00F2-4614-A1EA-D76A37AEA3A0},Praça Radialista Manuel da Nóbrega,Aberta,OCEÂNICA,Piratininga,Não,Não,Sim,Não,Não,Não,Não,,,Sim,Não,Sim,Não,Não,Sim,Não,Sim,Não,Não,Sim,Sim,Não,Não,Sim,Não,"Campo_society,Banco_de_concreto,Balanço,Gangorra,Trepa-trepa,Lixeira,Mesa_de_concreto,Academia_da_terceira_idade",Não
-43.109379071,-22.88147272,159,{74443B6A-2D9B-42EC-8556-B374D13A4A68},Praça Brandão Monteiro,Aberta,NORTE,Santana,Não,Não,Não,Não,Não,Não,Não,,Não,Sim,Não,Não,Não,Não,Não,Não,Não,Não,Não,Sim,Não,Não,Não,Não,Não,"Banco_de_concreto,Lixeira,Paraciclos",Sim
-43.121105223,-22.891563114,161,{8B31420C-D100-487A-8767-02DA9F7C32F2},Praça do Jardim São João,Aberta,PRAIAS DA BAÍA,Centro,Não,Não,Não,Não,Não,Não,Não,,Não,Sim,Não,Não,Não,Não,Não,Não,Não,Sim,,Sim,Sim,Não,Não,Não,Não,"Banco_de_concreto,Busto,Lixeira,Mesa_de_concreto",Não
-43.0648976109999,-22.881875012,162,{31A5CEB4-8E32-4D5A-815B-CFFD48D1C10F},Praça da Est. Dr. Malchíades Peixoto,Aberta,NORTE,Baldeador,Não,Não,Sim,Não,Não,Não,Não,,Não,Sim,Não,Não,Não,Sim,Sim,Não,Não,Não,Não,Sim,Sim,Não,Não,Sim,Não,"Campo_society,Banco_de_concreto,Escorregador,Gangorra,Lixeira,Mesa_de_concreto,Academia_da_terceira_idade",Não
-43.0621156359999,-22.8816018799999,163,{678620EF-397C-491D-8AD3-F4287B454A11},Praça da est. Vale Esperança,Aberta,NORTE,Baldeador,Não,Não,Não,Sim,Não,Não,Não,,Não,Sim,Não,Sim,Não,Sim,Sim,Não,Não,Não,Não,Não,Não,Não,Não,Não,Não,"Quadra_poliesportiva,Banco_de_concreto,Balanço,Escorregador,Gangorra,Mesa_de_concreto",Não
-43.096934964,-22.8678474659999,164,{C5A6A850-E932-4A1B-8E61-17251C155696},Praça da rua do Rumo,Aberta,NORTE,Barreto,Não,Não,Não,Sim,Não,Não,Não,,Não,Não,Não,Não,Não,Não,Não,Não,Não,Não,Não,Não,Sim,Não,Não,Não,Não,"Quadra_poliesportiva,Mesa_de_concreto",Não
-43.097794667,-22.874492641,165,{D9D0445D-964F-4831-8CF1-BAE6407B2DD5},Praça do campo dos veteranos,Atualizada,NORTE,Engenhoca,Não,Não,Sim,Não,Não,Não,Não,Pequeno,Não,Sim,Não,Sim,Não,Sim,Sim,Não,Sim,Não,Não,Sim,Sim,Não,Não,Sim,Não,"Campo_society,Playground_de_madeira_plástica,Banco_de_concreto,Balanço,Escorregador,Gangorra,Trepa-trepa,Lixeira,Mesa_de_concreto,Academia_da_terceira_idade",Não
-43.1070226539999,-22.8859488489999,166,{F92E5318-B3C4-4173-818F-BD7601E24887},Praça do campo Boa vista,Aberta,NORTE,São Lourenço,Não,Não,Sim,Não,Não,Não,Não,,Sim,Não,Não,Sim,Não,Sim,Sim,Não,,Não,Não,Sim,Sim,Não,Não,Sim,Não,"Campo_society,Banco_de_madeira,Balanço,Escorregador,Gangorra,Lixeira,Mesa_de_concreto,Academia_da_terceira_idade",Não
-43.095908864,-22.865980927,167,{DEBF61A1-ED06-4E2B-82BB-C0620BE78DC8},Praça do campo dos Marítimos,Aberta,NORTE,Barreto,Não,Não,Sim,Sim,Não,Não,Não,,Não,Sim,Não,Sim,Não,Sim,Sim,Não,Não,Não,Não,Sim,Sim,Não,Não,Sim,Não,"Campo_society,Quadra_poliesportiva,Banco_de_concreto,Balanço,Escorregador,Gangorra,Lixeira,Mesa_de_concreto,Academia_da_terceira_idade",Não
-43.074016424,-22.882381306,169,{3ABFEBA4-758E-4E68-880A-74EED8CA272A},Praça da rua Castro Alves,Aberta,NORTE,Fonseca,Não,Não,Não,Não,Não,Não,Não,,Não,Não,Não,Sim,Não,Sim,Sim,Não,Não,Não,Não,Não,Não,Não,Não,Sim,Não,"Balanço,Escorregador,Gangorra,Lixeira,Mesa_de_concreto,Academia_da_terceira_idade",Não
-43.115888626,-22.872644334,170,{CCB6E7F6-37EF-4FDC-88F9-B307016C069C},Praça do CSU ilha da conceição,Aberta,NORTE,Ilha da Conceição,Não,Não,Não,Sim,Não,Não,Não,,Não,Não,Não,Sim,Não,Sim,Sim,Não,Sim,Não,Não,Sim,Sim,Não,Não,Não,Não,"Quadra_poliesportiva,Balanço,Escorregador,Gangorra,Trepa-trepa,Lixeira,Mesa_de_concreto,Academia_da_terceira_idade",Não
-43.053171966,-22.910428781,171,{509860C3-AFCF-485C-8AE9-9F92BE5390B5},Praça do Sítio de Ferro,Aberta,OCEÂNICA,Itaipu,Não,Não,Não,Não,Não,Não,Não,,Não,Não,Não,Sim,Não,Sim,Sim,Não,Sim,Não,Não,Sim,Sim,Não,Não,Sim,Não,"Balanço,Escorregador,Gangorra,Trepa-trepa,Lixeira,Mesa_de_concreto,Academia_da_terceira_idade",Não
-43.056978347,-22.900049021,172,{B8152612-9A75-4E43-8741-D90A2CCB4C23},Praça do campo do Mato Grosso,Atualizada,PENDOTIBA,Badu,Não,Não,Sim,Não,Não,Não,Não,Médio,Não,Não,Não,Não,Não,Não,Não,Não,Não,Não,Não,Sim,Sim,,Não,Sim,Não,"Campo_society,Playground_de_madeira_plástica,Banco_de_concreto,Lixeira,Mesa_de_concreto,Academia_da_terceira_idade",Não
-43.05237027,-22.911872516,173,{AE2D4350-348E-4311-8B9D-DC028BFC6649},Praça do Campo do Cantagalo,Aberta,PENDOTIBA,Cantagalo,Não,Não,Sim,Não,Não,Não,Não,,Não,Não,Não,Sim,Não,Sim,Sim,Não,Não,Não,Não,Sim,Sim,Não,Não,Sim,Não,"Campo_society,Balanço,Escorregador,Gangorra,Lixeira,Mesa_de_concreto,Academia_da_terceira_idade",Não
-43.078022247,-22.9008986969999,174,{3F0D1B72-3C38-47E9-8CEB-58DFD42BB909},Praça do Campo do Atalaia,Atualizada,PENDOTIBA,Ititioca,Não,Não,Sim,Não,Não,Não,Sim,Pequeno,Não,Sim,Não,Sim,Não,Sim,Sim,Não,Não,Não,Não,Sim,Não,Não,Não,Não,Não,"Campo_society,Churrasqueira,Playground_de_madeira_plástica,Banco_de_concreto,Balanço,Escorregador,Gangorra,Lixeira",Não
-43.044244853,-22.8909595719999,175,{DBDDAFC9-465F-413D-8854-AD8B3945BE4E},Praça do campo da Fazendinha,Atualizada,NORTE,Badu,Não,Não,Sim,,Não,Não,Sim,Médio,Não,Não,Não,Sim,Não,Sim,Sim,Não,Não,Não,Não,Sim,Sim,Não,Não,Sim,Não,"Campo_society,Churrasqueira,Playground_de_madeira_plástica,Balanço,Escorregador,Gangorra,Lixeira,Mesa_de_concreto,Academia_da_terceira_idade",Não
-43.1282715469999,-22.905945845,177,{350F6B11-4E7C-49D1-88F8-ECE769119E5F},Praça do Morro do Palácio,Aberta,PRAIAS DA BAÍA,Ingá,Não,Não,Não,Não,Não,Não,Não,,Não,Sim,,,,,,,,,,,Sim,,,,,"Banco_de_concreto,Mesa_de_concreto",
-43.106806843,-22.869905017,178,{7175738E-0908-483D-862B-6E5C14085096},Praça da Leopoldina,Atualizada,NORTE,Barreto,Não,Não,Não,Sim,Não,Não,Não,Médio,Não,Sim,Não,Sim,Não,Não,Sim,Não,Não,Não,Não,Sim,Sim,Não,Não,Sim,Não,"Quadra_poliesportiva,Playground_de_madeira_plástica,Banco_de_concreto,Balanço,Gangorra,Lixeira,Mesa_de_concreto,Academia_da_terceira_idade",Não
-43.0038155669999,-22.8926618689999,179,{0A9CC293-DB27-478B-8421-046B19A2724D},Praça Célia Maria Pinto,Aberta,PENDOTIBA,Maria Paula,Não,Não,Não,Não,Não,Não,Não,,Não,Sim,Não,Sim,Não,Não,Sim,Não,Não,Não,Não,Sim,Sim,Não,Não,Sim,Não,"Banco_de_concreto,Balanço,Gangorra,Lixeira,Mesa_de_concreto,Academia_da_terceira_idade",Não
-43.0678640959999,-22.8892071179999,180,{FD520F21-E10B-4822-868F-E2F59DF0B034},Praça do Campo da rua do Alto,Aberta,NORTE,Caramujo,Não,Não,Sim,Não,Não,Sim,Não,,Não,Sim,Não,Não,Não,Não,Não,Não,Não,Não,Não,Sim,Sim,Não,Não,Não,Não,"Campo_society,Pista_de_skate,Banco_de_concreto,Mesa_de_concreto",Não
-43.075115329,-22.8933176649999,181,{17DAE914-76C3-49BA-86DD-26CF72BA5A05},Praça do Morro do Céu,Atualizada,NORTE,Caramujo,Não,Não,Sim,Não,Não,Não,Não,Médio,Não,Sim,Não,Sim,Não,Sim,Sim,Não,Não,Não,Não,Sim,Sim,,Não,Sim,Não,"Campo_society,Playground_de_madeira_plástica,Banco_de_concreto,Balanço,Escorregador,Gangorra,Lixeira,Mesa_de_concreto,Academia_da_terceira_idade",Não
-43.111322151,-22.8968532279999,182,{2A06BDB6-9ED9-40EB-880B-8F99372D4BA3},Praça da rua Monsenhor,Aberta,PRAIAS DA BAÍA,Bairro de Fátima,Não,Não,Não,Não,Não,Não,Não,,Não,Sim,Não,Sim,Não,Sim,Sim,Não,Sim,Não,Não,Sim,Sim,Não,Não,Sim,Não,"Banco_de_concreto,Balanço,Escorregador,Gangorra,Trepa-trepa,Lixeira,Mesa_de_concreto,Academia_da_terceira_idade",Não
-43.0951746759999,-22.887557339,183,{4C370F91-B2A7-4E25-88D0-CA4C0C183ACC},Praça da rua Rodrigo Pereira,Aberta,NORTE,Fonseca,Não,Não,Não,Não,Não,Não,Não,,Não,Sim,Não,Sim,Não,Não,Sim,Não,Não,Não,Não,Sim,Sim,Não,Não,Sim,Não,"Banco_de_concreto,Balanço,Gangorra,Lixeira,Mesa_de_concreto,Academia_da_terceira_idade",Não
-43.107777566,-22.8742031159999,185,{5373DD26-491C-4FA5-8FFE-302BE4A54544},Praça da  rua travessa barroso,Aberta,NORTE,Santana,Não,Não,Não,Não,Não,Não,Não,,Não,Sim,Não,Sim,Não,Não,Não,Sim,Sim,Não,Não,Não,Sim,Não,Não,Sim,Não,"Banco_de_concreto,Balanço,Gira-gira,Trepa-trepa,Mesa_de_concreto,Academia_da_terceira_idade",Não
-43.107447355,-22.873604481,186,{7CBDE304-6229-4FF9-8398-DF9ADE0D76DF},Praça da Rua B,Aberta,NORTE,Santana,Não,Não,Sim,Não,Não,Não,Não,,Não,Sim,Não,Sim,Não,Sim,Sim,Não,Não,Não,Não,Não,Não,Não,Não,Não,Não,"Campo_society,Banco_de_concreto,Balanço,Escorregador,Gangorra",Não
-43.1078134439999,-22.8671032459999,187,{910BBB54-B80B-4D64-87C3-55DDA2567DBB},Praça do Buraco do Boi,Aberta,NORTE,Barreto,Não,Não,Não,Sim,Não,Não,Não,,Não,Não,Não,Não,Não,Sim,Sim,,Sim,Não,Não,Não,Sim,Não,Não,Sim,Não,"Quadra_poliesportiva,Balanço,Escorregador,Trepa-trepa,Mesa_de_concreto,Academia_da_terceira_idade",Não
-43.074570872,-22.913914608,188,{60540D27-D73F-4C4B-8658-A522655FDD28},Praça do Campo da Barreia,Aberta,PENDOTIBA,Maceió,Não,Não,Sim,Não,Não,Não,Não,,Não,Sim,Não,Sim,Não,Sim,Não,Não,Não,Não,Não,Não,Não,Não,Não,Sim,Não,"Campo_society,Banco_de_concreto,Balanço,Escorregador,Academia_da_terceira_idade",Não
-43.106218718,-22.878265493,189,{FDF073C7-82BF-40F3-8D56-A6E4E0D6D6DE},Praça do Campo do Holofote,Aberta,NORTE,Santana,Não,Não,Sim,Não,Não,Não,Não,,Não,Sim,Não,Não,Não,Sim,Sim,Não,Não,Não,Não,Não,Sim,Não,Não,Sim,Não,"Campo_society,Banco_de_concreto,Escorregador,Gangorra,Mesa_de_concreto,Academia_da_terceira_idade",Não
-43.110598346,-22.8828635899999,190,{9DD1DB79-3498-4D41-8EFC-590F14E4FA1D},Praça do Campo do Mineirinho,Atualizada,NORTE,São Lourenço,Não,Não,Sim,Não,Não,Não,Não,Grande,Não,Sim,Não,Não,Não,Não,Não,Não,Não,Não,Não,Não,Sim,Não,Não,Sim,Não,"Campo_society,Playground_de_madeira_plástica,Banco_de_concreto,Lixeira,Mesa_de_concreto,Academia_da_terceira_idade",Não
-43.08314338,-22.87500417,191,{E79DBD4B-72E0-440D-88FF-0A9E56B90839},Praça do Campo do Pimba,Aberta,NORTE,Fonseca,Não,Não,Não,Sim,Não,Não,Não,,Não,Não,Não,Sim,Não,Não,Não,Não,Não,Não,Não,Não,Sim,Não,Não,Sim,Não,"Quadra_poliesportiva,Balanço,Mesa_de_concreto,Academia_da_terceira_idade",Não
-43.102283456,-22.9123324949999,192,{CBF8C5E1-036D-48BA-859A-D4BA39EC335E},Praça do Campo do Cavalão,Aberta,PRAIAS DA BAÍA,Icaraí,Não,Não,Sim,Não,Não,Não,Sim,,Não,Não,Não,Sim,Não,Sim,Sim,Não,Não,Não,Não,Não,Sim,Não,Não,Sim,Não,"Campo_society,Churrasqueira,Balanço,Escorregador,Gangorra,Lixeira,Mesa_de_concreto,Academia_da_terceira_idade",Não
-43.127916489,-22.9064411859999,193,{F6F4838E-B5D9-4B77-8778-01489D70259F},Praça do Campo do Palácio,Aberta,PRAIAS DA BAÍA,Ingá,Não,Não,Sim,Não,Não,Não,Não,,Não,Sim,Não,Não,Não,Não,Não,Não,Não,Não,Não,Não,Sim,Não,Não,Sim,Não,"Campo_society,Banco_de_concreto,Balanço,Gangorra,Mesa_de_concreto,Academia_da_terceira_idade",Não
-43.1074436489999,-22.895117053,194,{F78883ED-BE8F-4389-857E-5678E474C85F},Praça do campo Luis Murat,Aberta,PRAIAS DA BAÍA,Bairro de Fátima,Não,Não,Sim,Não,Não,Não,Não,,Não,Não,Não,Sim,Não,Sim,Sim,Não,Não,Não,Não,Não,Não,Não,Não,Sim,Não,"Campo_society,Banco_de_concreto,Balanço,Escorregador,Gangorra,Mesa_de_concreto,Academia_da_terceira_idade",Não
-43.055616256,-22.8765507109999,195,{C8189C20-4BB2-4FB2-8D9F-32BCB913205E},Praça do Baldeador,Aberta,NORTE,Baldeador,Não,Não,Não,Não,Não,Não,Não,,Não,Sim,Não,Sim,Não,Sim,Sim,Não,Sim,Não,Não,Sim,Sim,Não,Não,Sim,Não,"Banco_de_concreto,Balanço,Escorregador,Gangorra,Trepa-trepa,Lixeira,Mesa_de_concreto,Academia_da_terceira_idade",Não
-43.094411131,-22.8763271999999,196,{E0C7A926-2937-44A8-8089-77B29813A343},Praça do mirante Vila Ipiranga ,Atualizada,NORTE,Fonseca,Não,Não,Não,Sim,Não,Não,Não,Pequeno,Não,Sim,Não,Sim,Não,Sim,Sim,Não,Não,Não,Não,Sim,Sim,Não,Não,Não,Não,"Quadra_poliesportiva,Playground_de_madeira_plástica,Banco_de_concreto,Balanço,Escorregador,Gangorra,Lixeira,Mesa_de_concreto",Não
-43.09641604,-22.877452416,197,{7811C017-7566-40B8-8C76-D6E2BDAE6569},Praça do campo Vila Ipiranga,Aberta,NORTE,Engenhoca,Não,Não,Sim,Não,Não,Não,Não,,Não,Sim,Não,Sim,Não,Sim,Sim,Não,Não,Não,Não,Sim,Sim,Não,Não,Não,Não,"Campo_society,Banco_de_concreto,Balanço,Escorregador,Gangorra,Lixeira,Mesa_de_concreto",Não
-43.090419249,-22.8730304879999,198,{FEC3501F-89D2-4EB5-874D-81004B163C6B},Praça Coronel Leôncio,Atualizada,NORTE,Engenhoca,Não,Não,Não,Não,Não,Não,Sim,Pequeno,Não,Sim,Não,Não,Não,Sim,Sim,Não,Não,Não,Não,Sim,Sim,Não,Não,Sim,Não,"Churrasqueira,Playground_de_madeira_plástica,Banco_de_concreto,Escorregador,Gangorra,Lixeira,Mesa_de_concreto,Academia_da_terceira_idade",Não
-43.0323437439999,-22.8990727089999,199,{84CD4854-D17B-4DCB-8F87-7774C4BDA7F4},Praça da Travessa Regina,Aberta,NORTE,Vila Progresso,Não,Não,Não,Não,Não,Não,Não,,Não,Sim,Não,Sim,Não,Sim,Sim,Não,Não,Não,Não,Sim,Sim,Sim,Não,Não,Não,"Banco_de_concreto,Balanço,Escorregador,Gangorra,Mesa_de_concreto,Pérgula",Não
-43.0988066199999,-22.8845711439999,200,{5C356BC0-5425-4AD1-882A-FE4059E54A4B},Praça Juca Branco,Aberta,NORTE,São Lourenço,Não,Não,Não,Não,Não,Não,Não,,Não,Sim,Sim,Não,Não,Não,Não,Não,Não,Não,Não,Não,Sim,Não,Não,Não,Não,"Banco_de_concreto,Playground_de_madeira,Mesa_de_concreto",Não
-43.087755498,-22.865810546,201,{C7EB9021-2DF2-4D0D-82B1-54F1DF2CA8C0},Praça do  Morro da Arena,Aberta,NORTE,Engenhoca,Não,Não,Não,Sim,Não,Não,Não,,Não,Não,Não,Não,Não,Sim,Sim,Não,Não,Não,Não,Não,Sim,Não,Não,Sim,Não,"Quadra_poliesportiva,Escorregador,Gangorra,Mesa_de_concreto,Academia_da_terceira_idade",Não
-43.0915092879999,-22.8909388819999,202,{A42B9967-16C4-476A-85FF-41CE7B200870},Praça da rua Francisco Bastos,Aberta,NORTE,Cubango,Não,Não,Não,Sim,Não,Não,Não,,Não,Sim,Não,Não,Não,Não,Não,Não,Não,Não,Não,Não,Sim,Não,Não,Não,Não,"Quadra_poliesportiva,Banco_de_concreto,Mesa_de_concreto",Não
-43.1258697819999,-22.8777302149999,203,{55429121-3EFF-45E0-8DC7-6F4C1F24F5D8},Praça Barão de Mauá,Aberta,PRAIAS DA BAÍA,Ponta d'Areia,Não,Não,Não,Não,Não,Não,Não,,Não,Sim,Não,Não,Não,Não,Sim,Não,Não,Não,Não,Sim,Sim,Não,Não,Sim,Não,"Banco_de_concreto,Gangorra,Lixeira,Mesa_de_concreto,Academia_da_terceira_idade,Paraciclos",Sim
-43.066921846,-22.8856987139999,204,{B19653F4-19B4-4316-8A12-D659BEF58EBA},Praça Bombeiro Américo,Aberta,NORTE,Caramujo,Não,Não,Não,Não,Não,Não,Não,,Não,Sim,Não,Sim,Não,Sim,Sim,Não,Não,Não,Não,Não,Sim,Não,Não,Não,Não,"Banco_de_concreto,Balanço,Escorregador,Gangorra,Mesa_de_concreto",Não
-43.0839850679999,-22.88857252,205,{FE1C3509-14CA-42F6-8A8A-6400C3F2887B},Praça Ary Miranda ,Aberta,NORTE,Viçoso Jardim,Não,Não,Não,Sim,Não,Não,Não,,Não,Não,Não,Sim,Não,Sim,Sim,Não,Sim,Não,Não,Não,Sim,Não,Não,Sim,Não,"Quadra_poliesportiva,Balanço,Escorregador,Gangorra,Trepa-trepa,Mesa_de_concreto,Academia_da_terceira_idade",Não
-43.086905494,-22.9030947859999,206,{CFB2D727-F156-45CE-88C3-B58CDFA17DAC},Praça travessa Elzir de Almeida,Aberta,PRAIAS DA BAÍA,Santa Rosa,Não,Não,Sim,Não,Não,Não,Não,,Não,Não,Não,Não,Não,Não,Não,Não,Não,Não,Não,Não,Sim,Não,Não,Não,Não,"Campo_society,Mesa_de_concreto",Não
-43.0451083409999,-22.971313293,207,{9F6C7F0A-4214-425E-864A-5B961290DA8D},Praça dos pescadores,Aberta,OCEÂNICA,Itaipu,Não,Não,Não,Não,Não,Não,Não,,Não,Sim,Não,Não,Não,Não,Não,Não,Não,Não,Não,Não,Não,Sim,Não,Não,Não,"Banco_de_concreto,Lixeira,Pérgula",Não
-43.061087906,-22.9041976299999,208,{9595437D-EA90-4EAD-89B1-7CED920282E2},Praça da rua da paz,Atualizada,NORTE,Badu,,,,,,,,Pequeno,,,,,,,,,,,,,,,,,,Playground_de_madeira_plástica,
-43.103425624,-22.86478797,209,{93214BF3-681C-4B37-8470-90BE9A6C60AC},Boulevard do barreto,Atualizada,NORTE,Barreto,Não,Não,Não,Não,Não,Não,Não,Grande,Não,Sim,Não,Não,Não,Não,Não,Não,Não,Não,Não,Sim,Sim,Sim,Não,Não,Não,"Playground_de_madeira_plástica,Banco_de_concreto,Lixeira,Mesa_de_concreto,Pérgula",Não
-43.0014575439999,-22.9347302319999,210,{6D9EAFE4-FDD3-4AFB-8B25-42765FB1D812},Parque Rural ,Atualizada,PENDOTIBA,Engenho do Mato,Não,Não,Não,Sim,Não,Não,Não,Médio,Não,Não,Não,Sim,Não,Sim,Sim,Não,Não,Não,Não,Sim,Sim,Sim,Não,Sim,Não,"Playground_de_madeira_plástica,Balanço,Escorregador,Gangorra,Lixeira,Mesa_de_concreto,Pérgula,Academia_da_terceira_idade",Não
